turbidity,tds,temp,ph,inFlowLpm,outFlowLpm,label
0.773,39,20.5,6.99,0.823,0.97,min
9.379,424,41.2,3.54,0.487,0.336,max
0.757,10,24.8,6.95,0.894,0.779,min
4.774,115,27.1,7.5,0.631,0.57,med
0.266,36,21.4,6.52,1.058,0.821,min
19.397,214,34.7,3.11,0.174,0.267,max
0.135,8,23.6,6.57,0.829,0.755,min
0.403,48,23.0,6.74,0.841,0.811,min
0.625,9,20.4,7.2,0.829,1.079,min
0.42,40,24.9,6.65,1.038,0.902,min
0.524,23,24.6,6.86,1.032,1.003,min
1.4,108,30.1,6.76,0.578,0.794,med
6.168,486,37.2,5.15,0.168,0.392,max
0.898,12,20.3,7.24,1.03,1.087,min
14.724,218,46.8,5.35,0.36,0.432,max
1.821,170,25.6,6.36,0.846,0.512,med
0.312,26,21.1,7.49,1.178,0.766,min
2.149,52,32.1,7.59,0.796,0.507,med
1.057,106,27.7,5.55,0.55,0.615,med
0.529,41,21.6,7.4,0.956,0.754,min
0.434,26,23.0,6.79,1.078,1.094,min
7.713,439,38.7,4.83,0.268,0.281,max
9.437,200,37.6,3.54,0.365,0.303,max
1.223,92,26.9,6.12,0.863,0.55,med
3.362,67,27.7,5.86,0.777,0.533,med
1.203,167,26.2,6.15,0.566,0.582,med
0.39,9,24.6,7.38,0.903,1.014,min
19.297,415,48.8,4.32,0.204,0.071,max
7.445,270,33.4,5.09,0.49,0.104,max
4.638,131,26.2,7.04,0.797,0.745,med
0.4,15,23.9,6.77,1.129,0.919,min
11.397,384,34.4,3.22,0.169,0.257,max
0.157,27,20.8,7.24,1.005,1.022,min
2.392,102,33.1,7.47,0.623,0.816,med
17.403,357,46.2,3.59,0.238,0.062,max
19.016,406,47.0,4.39,0.412,0.056,max
0.409,47,24.8,6.75,0.999,0.87,min
1.907,69,26.8,6.39,0.77,0.475,med
1.28,151,26.7,7.28,0.829,0.772,med
0.683,23,21.0,6.99,0.826,0.983,min
0.792,17,20.6,7.2,1.052,1.101,min
0.219,6,21.5,7.2,0.881,1.019,min
3.744,130,25.1,6.1,0.505,0.638,med
15.132,318,35.3,3.4,0.48,0.402,max
5.096,493,49.4,3.99,0.391,0.188,max
18.433,472,38.3,4.73,0.209,0.126,max
0.437,10,22.8,7.19,1.12,0.83,min
1.777,180,32.1,5.53,0.599,0.536,med
4.34,154,32.0,6.91,0.879,0.649,med
10.125,394,34.2,5.24,0.148,0.181,max
4.304,53,33.9,7.46,0.812,0.633,med
1.718,183,31.2,5.88,0.676,0.696,med
4.775,59,31.1,5.69,0.65,0.772,med
0.394,47,23.2,7.32,0.853,1.095,min
0.563,5,21.6,6.87,0.958,1.028,min
0.221,26,23.1,7.2,1.024,0.754,min
0.383,22,22.7,7.42,0.939,0.889,min
2.195,167,28.9,7.5,0.829,0.793,med
2.034,53,24.9,7.92,0.618,0.758,med
2.528,183,26.2,6.77,0.668,0.457,med
0.846,37,23.5,7.2,0.944,0.867,min
3.93,60,24.9,6.39,0.877,0.717,med
6.091,284,38.9,4.96,0.497,0.146,max
2.922,110,29.8,6.99,0.504,0.636,med
0.883,32,24.0,6.98,0.847,0.8,min
0.356,36,20.3,7.08,0.938,0.998,min
15.195,217,33.6,3.98,0.379,0.127,max
4.81,65,24.1,6.58,0.537,0.749,med
2.305,53,24.3,7.58,0.609,0.657,med
4.758,127,31.5,6.28,0.81,0.759,med
7.769,302,40.3,5.08,0.148,0.344,max
1.767,159,27.2,7.51,0.899,0.462,med
10.355,390,36.2,4.87,0.318,0.132,max
1.624,118,24.1,6.12,0.791,0.847,med
0.603,22,20.3,6.84,1.121,0.752,min
13.373,304,48.9,5.31,0.301,0.181,max
3.473,68,31.4,6.31,0.775,0.478,med
2.069,170,26.1,6.36,0.634,0.841,med
0.43,33,22.3,7.05,1.177,0.904,min
17.26,479,34.6,4.13,0.235,0.398,max
3.458,87,31.8,6.57,0.677,0.71,med
0.853,32,21.2,6.52,1.148,0.759,min
1.645,50,31.9,7.33,0.706,0.515,med
0.83,23,23.8,7.25,0.841,1.111,min
19.281,421,43.2,5.2,0.12,0.153,max
11.913,448,47.1,4.77,0.142,0.386,max
4.789,99,29.3,5.99,0.744,0.562,med
1.899,50,32.0,7.92,0.59,0.715,med
0.389,40,20.4,7.39,1.019,1.077,min
2.774,150,31.5,6.43,0.877,0.517,med
1.931,117,34.8,7.43,0.511,0.476,med
1.988,51,32.0,6.84,0.834,0.779,med
6.858,221,48.5,3.48,0.429,0.268,max
14.415,257,35.5,5.35,0.467,0.405,max
15.065,409,39.2,5.2,0.39,0.095,max
3.752,152,28.1,5.92,0.672,0.507,med
0.11,25,20.3,6.62,0.847,1.01,min
0.763,9,23.8,7.04,1.185,0.887,min
13.653,339,35.0,5.45,0.186,0.077,max
16.019,207,42.9,5.35,0.17,0.239,max
3.981,142,32.4,5.6,0.835,0.698,med
3.351,173,34.8,6.22,0.884,0.606,med
2.22,90,30.6,7.67,0.879,0.492,med
2.0,147,26.2,6.91,0.686,0.839,med
10.768,304,40.3,4.95,0.294,0.368,max
0.63,32,23.7,6.63,1.086,1.114,min
14.623,277,48.1,5.24,0.219,0.142,max
0.457,33,22.0,6.77,1.194,0.914,min
18.606,497,36.5,3.89,0.368,0.244,max
0.693,34,23.1,7.25,0.863,1.102,min
15.759,374,46.6,5.16,0.283,0.24,max
13.076,497,47.6,3.24,0.383,0.188,max
15.576,422,44.5,3.63,0.449,0.118,max
2.977,111,32.9,7.59,0.633,0.727,med
18.045,226,46.2,5.12,0.173,0.222,max
3.776,196,30.3,6.15,0.675,0.687,med
10.285,212,36.0,3.98,0.479,0.106,max
10.037,384,48.8,5.41,0.304,0.231,max
0.225,45,22.5,6.76,0.984,1.142,min
5.213,277,40.6,4.73,0.393,0.448,max
3.506,112,31.0,7.46,0.547,0.614,med
0.228,19,23.7,6.98,0.95,0.908,min
0.329,40,21.6,6.96,0.805,0.779,min
2.162,65,32.6,7.11,0.519,0.594,med
7.076,494,37.2,3.18,0.365,0.288,max
0.29,47,20.1,7.47,0.817,1.106,min
0.689,48,20.6,6.6,1.09,0.981,min
8.783,334,35.1,3.51,0.1,0.066,max
4.134,188,28.5,7.77,0.629,0.641,med
0.173,48,22.5,7.1,0.827,1.05,min
4.436,181,31.2,6.03,0.845,0.804,med
11.237,364,39.8,4.3,0.499,0.104,max
3.707,126,27.4,6.03,0.513,0.572,med
0.942,23,21.9,7.28,0.936,1.122,min
11.458,235,41.7,3.87,0.25,0.299,max
0.116,16,23.8,6.64,1.014,0.836,min
16.939,252,44.4,3.55,0.187,0.4,max
13.726,429,39.9,5.2,0.359,0.41,max
3.893,176,28.6,6.26,0.63,0.735,med
0.275,9,21.3,6.56,1.012,1.125,min
0.541,26,20.1,6.84,0.952,0.91,min
0.208,27,23.8,6.72,1.049,0.784,min
6.262,317,34.7,3.04,0.365,0.291,max
4.584,87,32.3,6.65,0.837,0.741,med
7.429,397,50.0,4.13,0.242,0.21,max
0.131,18,21.3,6.86,0.835,1.125,min
12.728,497,43.4,3.93,0.409,0.118,max
0.78,35,21.4,7.09,0.944,0.787,min
1.604,190,32.1,7.71,0.581,0.685,med
0.854,39,23.2,6.58,0.865,1.109,min
0.795,29,22.6,6.74,0.837,1.109,min
14.891,373,47.7,3.72,0.287,0.298,max
2.128,184,25.3,7.89,0.626,0.805,med
3.299,141,31.0,6.11,0.786,0.487,med
1.479,182,29.5,6.62,0.734,0.7,med
0.467,10,21.4,6.86,1.058,0.978,min
0.734,30,24.8,6.87,0.914,1.097,min
4.547,157,29.9,7.67,0.552,0.766,med
2.973,175,32.1,6.86,0.736,0.653,med
0.336,13,22.3,6.85,1.033,0.781,min
3.294,121,31.1,5.66,0.732,0.675,med
15.972,447,35.5,5.08,0.316,0.388,max
19.364,369,41.7,3.21,0.32,0.202,max
3.539,142,27.9,7.6,0.689,0.842,med
4.185,77,28.1,7.75,0.823,0.844,med
4.33,86,34.6,5.99,0.881,0.848,med
0.616,12,20.3,7.45,1.186,1.073,min
0.912,37,22.8,7.11,0.968,0.849,min
19.843,405,49.1,3.36,0.253,0.272,max
4.147,118,30.0,6.58,0.518,0.516,med
2.943,61,24.6,6.34,0.814,0.733,med
2.648,56,32.1,7.8,0.612,0.793,med
0.519,19,23.2,6.74,0.83,0.802,min
3.37,93,25.5,7.13,0.795,0.576,med
2.951,152,31.7,7.12,0.61,0.512,med
8.913,202,44.0,4.28,0.278,0.437,max
4.266,75,24.2,7.45,0.744,0.73,med
11.117,465,33.8,5.4,0.372,0.303,max
0.872,15,20.7,6.99,1.194,0.847,min
0.682,12,24.6,7.32,1.18,1.04,min
0.43,16,24.1,6.86,0.912,0.967,min
2.061,163,28.9,7.44,0.526,0.645,med
0.95,7,24.9,6.91,1.148,1.063,min
15.108,454,38.5,4.69,0.338,0.291,max
1.5,100,34.2,6.06,0.649,0.623,med
1.323,122,27.3,6.91,0.822,0.505,med
0.316,34,23.8,7.1,0.989,0.915,min
0.803,37,23.8,6.51,0.966,0.943,min
3.402,78,27.9,7.46,0.722,0.452,med
0.648,12,23.5,6.89,1.175,0.805,min
0.403,38,20.1,6.62,0.818,0.766,min
3.237,192,26.2,5.77,0.842,0.626,med
2.91,146,26.5,6.88,0.649,0.715,med
11.736,373,42.7,3.83,0.226,0.093,max
2.14,185,32.3,7.51,0.507,0.835,med
0.139,17,24.8,7.39,0.982,0.998,min
14.88,479,47.0,4.42,0.363,0.409,max
1.366,185,31.4,7.57,0.852,0.679,med
5.315,210,40.6,5.04,0.454,0.085,max
3.038,94,24.8,6.75,0.818,0.733,med
8.064,325,36.7,3.0,0.466,0.388,max
4.057,134,27.4,7.14,0.593,0.456,med
15.233,294,35.3,4.58,0.151,0.281,max
0.149,35,24.9,6.74,0.857,0.799,min
13.285,378,47.8,4.44,0.238,0.371,max
2.525,84,26.4,7.9,0.747,0.673,med
3.77,96,29.2,7.55,0.684,0.593,med
19.344,313,38.8,3.16,0.294,0.094,max
13.292,422,41.2,3.21,0.489,0.257,max
17.43,435,37.7,5.35,0.15,0.4,max
3.251,56,25.4,6.9,0.637,0.742,med
3.624,168,26.8,7.06,0.729,0.783,med
2.015,185,31.4,6.9,0.544,0.629,med
5.931,221,42.8,4.42,0.451,0.273,max
4.007,147,25.7,7.69,0.716,0.563,med
3.264,70,28.9,7.07,0.696,0.611,med
3.968,105,28.3,7.39,0.867,0.83,med
0.11,15,24.9,7.3,1.184,0.945,min
0.129,45,21.3,7.16,0.925,0.958,min
1.469,89,24.2,6.23,0.809,0.657,med
0.218,41,24.9,7.03,0.869,0.859,min
4.343,185,27.0,7.96,0.556,0.531,med
1.882,145,34.8,7.01,0.643,0.709,med
0.275,21,22.5,7.19,0.816,1.07,min
0.139,43,24.9,7.47,1.1,0.802,min
17.022,317,45.8,3.31,0.409,0.145,max
3.981,111,31.2,6.15,0.564,0.514,med
9.742,216,43.4,3.6,0.255,0.082,max
1.992,103,29.2,5.61,0.556,0.561,med
4.73,159,27.9,6.24,0.64,0.76,med
3.251,178,34.8,6.52,0.831,0.756,med
17.868,291,36.3,3.32,0.219,0.362,max
2.75,157,33.7,6.98,0.657,0.615,med
0.808,14,20.9,6.68,0.922,0.96,min
0.513,16,21.4,6.81,1.121,0.966,min
1.442,110,32.1,7.26,0.669,0.589,med
1.514,178,25.7,6.27,0.616,0.799,med
0.333,8,20.4,7.39,0.877,0.879,min
0.843,31,23.0,7.17,0.87,1.116,min
3.624,62,34.5,7.6,0.822,0.779,med
5.622,296,42.5,5.14,0.367,0.224,max
4.896,98,32.2,7.52,0.843,0.849,med
3.38,70,32.3,7.14,0.883,0.478,med
3.155,127,25.6,7.44,0.609,0.649,med
4.822,139,30.4,7.37,0.825,0.713,med
2.405,90,33.3,6.28,0.816,0.807,med
4.651,59,33.1,6.23,0.678,0.459,med
1.225,101,27.0,7.92,0.723,0.589,med
17.8,349,43.3,3.57,0.318,0.328,max
1.392,85,25.6,6.37,0.68,0.75,med
2.308,59,34.7,7.54,0.841,0.825,med
19.078,254,43.6,3.56,0.223,0.269,max
8.472,460,48.7,4.05,0.12,0.066,max
0.763,6,22.4,6.6,0.897,1.145,min
19.357,328,41.1,5.24,0.31,0.333,max
0.549,48,20.4,7.05,1.188,0.959,min
0.185,15,23.6,7.36,1.132,0.909,min
0.294,14,23.1,6.91,1.136,1.11,min
2.788,158,30.3,7.17,0.811,0.795,med
7.787,225,40.4,4.65,0.275,0.161,max
1.807,126,24.1,5.52,0.588,0.465,med
2.658,55,25.4,7.41,0.5,0.617,med
0.692,45,23.5,6.65,1.031,0.993,min
2.86,157,26.7,7.1,0.767,0.515,med
4.517,80,24.7,7.69,0.656,0.667,med
2.685,196,24.7,6.8,0.572,0.838,med
15.066,441,49.1,4.0,0.413,0.156,max
17.614,266,39.5,5.02,0.429,0.204,max
6.371,387,42.4,4.02,0.309,0.409,max
0.884,26,23.0,7.26,0.87,0.951,min
15.467,470,46.5,4.69,0.372,0.428,max
15.526,366,39.1,5.28,0.108,0.176,max
0.685,24,21.3,7.34,0.815,1.111,min
0.296,10,20.4,7.2,0.936,1.04,min
13.075,473,39.6,5.07,0.153,0.424,max
4.68,193,29.7,7.94,0.803,0.515,med
7.95,271,38.1,4.61,0.34,0.328,max
16.453,232,49.7,3.95,0.41,0.187,max
0.911,31,21.1,7.17,1.047,0.893,min
12.347,358,38.7,4.3,0.179,0.372,max
0.621,12,25.0,6.73,1.177,1.01,min
8.136,239,36.5,4.92,0.27,0.276,max
5.198,353,46.1,5.34,0.464,0.378,max
0.637,24,21.5,6.83,1.069,1.051,min
0.596,22,22.3,7.45,0.861,0.984,min
1.491,79,34.5,5.94,0.727,0.682,med
4.707,136,28.8,6.95,0.707,0.754,med
0.937,41,20.6,7.42,1.148,0.958,min
0.719,26,23.4,6.93,0.899,1.078,min
0.135,30,23.4,6.52,1.005,0.841,min
3.749,171,30.0,7.92,0.521,0.652,med
0.841,6,24.1,6.63,0.934,1.047,min
1.168,74,25.4,7.31,0.827,0.535,med
10.748,264,40.5,3.12,0.428,0.381,max
12.974,209,41.1,4.02,0.164,0.313,max
1.326,52,25.8,7.73,0.597,0.592,med
0.111,34,20.9,7.46,0.859,0.916,min
0.156,18,22.7,7.29,0.928,1.0,min
0.359,9,23.4,6.94,0.849,0.948,min
2.384,57,24.3,6.56,0.534,0.693,med
4.481,116,30.7,7.08,0.737,0.731,med
0.7,8,20.4,7.49,0.95,0.898,min
9.224,489,33.2,4.79,0.382,0.299,max
3.839,123,28.8,7.32,0.806,0.514,med
9.18,487,35.4,4.45,0.213,0.162,max
0.417,16,23.2,6.91,0.81,0.812,min
0.664,25,24.2,7.31,1.034,1.097,min
0.31,12,24.4,6.72,1.19,0.885,min
4.5,142,34.7,6.66,0.839,0.475,med
18.323,259,37.8,3.72,0.251,0.207,max
0.53,31,20.1,7.37,1.173,0.976,min
17.489,441,47.7,3.15,0.377,0.106,max
4.275,107,30.3,6.97,0.574,0.595,med
0.793,14,21.1,7.04,1.037,0.982,min
0.464,47,24.8,7.35,0.918,0.904,min
2.453,60,28.1,6.66,0.789,0.713,med
0.771,26,20.4,7.04,1.035,1.048,min
2.36,66,32.9,7.87,0.529,0.832,med
0.827,35,22.4,6.6,0.997,0.939,min
10.618,439,39.2,3.22,0.323,0.388,max
4.569,129,25.7,7.24,0.817,0.577,med
4.534,51,31.4,5.63,0.72,0.565,med
0.342,6,23.0,7.0,0.821,0.861,min
6.253,263,45.8,3.13,0.297,0.227,max
2.109,69,30.9,5.64,0.799,0.577,med
3.781,149,34.6,7.4,0.88,0.731,med
0.539,19,24.0,6.77,0.976,0.781,min
2.541,55,29.2,6.86,0.591,0.836,med
16.433,443,38.8,4.08,0.439,0.195,max
13.71,480,44.4,4.2,0.424,0.43,max
0.94,11,23.5,6.9,0.971,1.037,min
15.682,306,37.3,3.03,0.316,0.39,max
9.763,454,49.1,5.21,0.396,0.161,max
15.34,275,38.2,4.53,0.459,0.374,max
1.633,51,30.2,6.82,0.788,0.806,med
0.294,8,21.4,6.66,1.172,1.073,min
16.057,211,41.1,3.84,0.468,0.055,max
1.647,190,33.3,7.17,0.685,0.615,med
0.928,48,23.5,7.04,0.924,1.076,min
0.917,44,21.0,6.57,0.84,0.757,min
0.665,39,24.6,6.73,0.96,0.811,min
0.229,7,23.9,6.96,0.823,1.148,min
1.682,177,26.5,7.59,0.612,0.707,med
19.498,483,38.7,4.43,0.464,0.052,max
0.105,40,23.5,7.23,1.109,0.78,min
0.617,27,21.2,6.68,0.888,0.825,min
3.482,57,26.8,5.65,0.742,0.725,med
5.331,494,34.5,5.04,0.212,0.103,max
0.161,6,21.3,6.96,1.147,1.041,min
2.224,85,26.4,6.56,0.863,0.653,med
7.588,370,38.0,5.35,0.427,0.443,max
6.588,306,40.0,4.69,0.363,0.078,max
1.431,93,27.4,6.12,0.706,0.664,med
2.174,124,24.6,6.73,0.871,0.492,med
10.388,447,47.0,4.19,0.24,0.195,max
0.752,22,22.4,7.13,1.149,1.144,min
8.745,278,33.0,5.18,0.417,0.301,max
2.434,58,25.2,6.79,0.607,0.784,med
3.701,70,27.3,6.4,0.822,0.562,med
0.522,31,21.7,7.27,0.843,0.78,min
0.43,24,21.2,6.87,0.891,0.779,min
18.115,449,36.8,4.0,0.264,0.441,max
11.911,496,41.2,5.47,0.402,0.149,max
0.791,46,24.9,7.25,0.951,0.783,min
0.924,43,24.1,6.76,0.868,1.017,min
3.734,151,28.5,5.54,0.733,0.551,med
2.484,74,32.6,7.34,0.654,0.46,med
0.626,21,22.3,7.25,0.815,0.851,min
0.89,29,22.9,6.78,1.108,0.825,min
3.033,195,25.4,5.54,0.808,0.773,med
0.569,29,24.4,6.9,0.854,0.762,min
13.333,287,40.1,3.94,0.45,0.412,max
0.754,46,24.2,6.75,0.98,0.802,min
2.355,184,24.2,7.16,0.885,0.674,med
11.593,353,37.4,3.79,0.135,0.171,max
16.909,482,43.6,4.85,0.422,0.388,max
7.482,411,42.1,4.59,0.179,0.135,max
4.334,181,29.1,5.69,0.655,0.771,med
3.764,51,26.4,7.15,0.694,0.452,med
0.398,30,22.0,6.94,1.162,0.889,min
0.22,40,20.4,7.49,1.109,0.829,min
13.568,459,35.4,4.42,0.447,0.283,max
0.585,9,23.1,7.49,0.856,0.957,min
0.823,18,20.8,7.06,1.174,1.028,min
2.165,190,26.9,6.57,0.849,0.787,med
0.842,37,24.0,7.16,1.077,1.09,min
11.285,337,37.4,4.88,0.305,0.178,max
2.95,111,33.6,7.08,0.713,0.496,med
11.598,393,39.5,3.14,0.34,0.411,max
13.652,235,33.6,3.13,0.434,0.097,max
0.401,17,21.5,6.73,0.817,0.757,min
2.047,65,25.8,5.87,0.889,0.754,med
15.781,233,33.6,5.49,0.193,0.072,max
2.409,178,28.5,6.32,0.682,0.755,med
0.753,23,22.1,7.24,0.896,0.794,min
7.653,496,40.5,4.33,0.449,0.448,max
13.104,223,42.6,5.27,0.259,0.169,max
16.327,375,47.1,3.2,0.291,0.302,max
1.421,100,32.8,6.93,0.705,0.567,med
0.582,16,24.8,6.98,1.122,0.97,min
2.442,57,32.4,6.54,0.829,0.79,med
1.131,59,34.0,5.85,0.713,0.614,med
7.152,245,40.4,4.49,0.132,0.426,max
0.202,36,23.8,7.06,1.108,0.948,min
0.467,17,23.1,6.64,0.917,0.897,min
9.129,412,37.6,5.26,0.25,0.27,max
0.254,34,20.9,7.03,1.084,0.793,min
4.866,131,34.6,5.69,0.646,0.54,med
2.102,102,33.8,7.87,0.857,0.618,med
16.277,443,49.1,3.78,0.443,0.103,max
3.082,71,24.1,6.56,0.618,0.644,med
0.294,48,24.9,7.15,0.88,1.022,min
1.275,77,31.3,7.7,0.826,0.724,med
1.764,70,30.8,7.45,0.731,0.509,med
1.346,122,24.9,6.52,0.663,0.476,med
4.076,127,28.8,5.87,0.631,0.624,med
3.64,174,33.4,7.37,0.676,0.694,med
0.608,45,20.4,6.7,0.818,0.88,min
0.613,34,23.1,6.96,0.952,1.095,min
0.202,19,24.7,6.82,1.008,1.031,min
1.31,158,26.1,7.65,0.828,0.666,med
0.255,39,23.3,7.0,1.022,1.038,min
16.254,245,40.8,3.88,0.138,0.244,max
17.036,458,35.3,5.38,0.232,0.315,max
11.425,208,46.3,3.03,0.405,0.407,max
4.716,98,27.9,6.76,0.876,0.801,med
4.317,133,29.8,5.79,0.844,0.739,med
16.025,383,41.3,3.33,0.205,0.218,max
3.034,60,28.1,7.8,0.734,0.665,med
0.656,17,24.8,6.65,0.973,1.127,min
0.135,11,24.9,7.47,0.802,1.131,min
0.742,32,23.5,6.71,0.855,0.756,min
1.411,83,29.7,7.02,0.598,0.473,med
3.515,108,31.8,6.0,0.856,0.565,med
12.178,478,38.6,4.16,0.105,0.083,max
0.474,9,23.2,6.72,1.048,1.01,min
0.946,12,22.0,7.26,1.078,0.812,min
9.471,296,35.8,4.96,0.149,0.304,max
1.001,126,24.5,6.19,0.783,0.475,med
6.151,201,44.4,4.6,0.264,0.246,max
0.749,11,24.3,6.99,1.158,1.07,min
0.761,29,22.1,7.41,0.844,0.947,min
12.074,268,35.8,3.83,0.476,0.187,max
4.05,162,32.8,6.8,0.556,0.718,med
0.881,26,25.0,7.35,0.883,1.122,min
0.87,9,21.6,7.45,1.18,0.979,min
1.942,56,28.5,5.83,0.509,0.594,med
0.417,16,23.6,7.0,0.832,0.838,min
0.271,28,20.5,6.95,1.102,0.889,min
16.402,246,35.5,3.67,0.244,0.213,max
1.733,61,31.7,6.46,0.829,0.714,med
0.133,10,22.3,7.43,0.926,0.953,min
0.148,43,24.1,7.5,1.199,0.972,min
15.134,352,47.6,5.17,0.104,0.361,max
0.386,10,20.3,7.49,0.929,1.074,min
0.199,46,23.1,6.83,0.856,1.068,min
13.99,418,38.4,3.98,0.195,0.089,max
0.211,44,22.2,6.69,0.947,0.916,min
0.643,43,22.3,7.02,0.996,1.017,min
0.418,46,23.7,7.1,0.862,0.812,min
17.16,484,34.6,3.4,0.484,0.265,max
17.386,285,48.8,5.42,0.329,0.107,max
13.388,354,34.7,3.04,0.485,0.201,max
3.544,175,31.6,6.57,0.769,0.56,med
1.625,150,26.0,7.23,0.592,0.497,med
0.627,28,24.5,7.29,0.861,0.875,min
0.199,40,21.9,7.38,1.147,1.072,min
13.741,443,38.6,3.76,0.261,0.319,max
0.345,30,20.8,6.98,1.013,0.771,min
0.253,15,24.9,6.68,1.142,0.947,min
10.438,447,36.5,4.17,0.42,0.122,max
13.609,317,33.5,4.46,0.105,0.365,max
0.247,24,22.0,7.12,1.054,0.768,min
11.227,326,46.3,3.49,0.428,0.309,max
0.176,38,20.6,7.33,1.113,1.033,min
2.275,72,27.4,7.69,0.899,0.597,med
10.993,298,33.2,5.07,0.42,0.092,max
0.441,29,20.8,6.68,1.145,1.128,min
6.902,317,35.8,4.84,0.184,0.073,max
2.224,130,33.2,7.97,0.856,0.599,med
7.207,289,34.5,5.28,0.102,0.244,max
7.089,203,42.3,5.44,0.248,0.193,max
3.834,95,33.1,6.2,0.849,0.495,med
0.299,28,24.4,7.15,1.013,0.88,min
7.466,234,42.3,5.26,0.238,0.343,max
2.714,141,34.4,6.1,0.549,0.529,med
3.938,164,31.2,7.42,0.838,0.695,med
4.028,147,26.0,6.86,0.894,0.825,med
4.838,149,31.0,5.91,0.853,0.621,med
0.779,33,23.5,7.3,1.156,0.885,min
2.12,168,30.4,7.09,0.819,0.608,med
2.175,139,27.3,6.25,0.797,0.469,med
4.043,120,29.5,6.01,0.736,0.524,med
1.599,135,27.0,7.8,0.733,0.687,med
0.667,9,23.1,6.95,1.035,0.817,min
0.624,48,23.2,6.76,1.054,0.966,min
15.77,311,34.6,4.14,0.258,0.397,max
13.989,354,37.9,3.02,0.298,0.164,max
0.28,19,20.6,7.39,1.037,1.022,min
10.791,490,44.9,3.21,0.445,0.242,max
0.16,33,20.1,7.09,1.176,0.98,min
6.552,320,45.4,4.95,0.147,0.05,max
0.616,29,21.2,6.89,1.038,0.949,min
3.951,115,31.8,6.47,0.592,0.689,med
0.244,17,20.9,6.59,0.848,0.934,min
1.827,147,29.2,7.7,0.586,0.721,med
2.035,139,27.3,7.29,0.804,0.491,med
17.588,248,33.4,4.12,0.195,0.07,max
10.66,324,33.7,3.68,0.482,0.431,max
12.394,299,34.8,5.38,0.124,0.169,max
0.7,45,20.9,7.07,1.166,0.764,min
0.94,23,21.9,7.18,0.887,1.13,min
3.511,129,24.5,7.92,0.819,0.567,med
1.264,155,30.0,5.7,0.683,0.644,med
14.642,415,49.6,3.94,0.421,0.224,max
0.668,14,21.5,7.4,0.805,0.784,min
0.297,44,21.9,7.04,1.163,1.0,min
13.768,490,39.4,3.16,0.236,0.252,max
0.144,28,22.7,7.14,1.09,1.14,min
1.326,181,32.8,6.76,0.887,0.617,med
19.659,272,44.3,5.1,0.32,0.111,max
0.278,44,21.0,6.69,0.815,0.939,min
4.612,84,31.0,6.06,0.629,0.789,med
4.471,101,25.7,5.56,0.758,0.705,med
10.502,229,46.0,5.42,0.488,0.396,max
3.713,50,30.8,6.39,0.818,0.487,med
0.638,43,24.0,6.69,1.157,0.966,min
10.339,244,43.1,5.04,0.253,0.103,max
7.271,343,43.2,4.45,0.261,0.185,max
7.451,255,36.4,3.97,0.12,0.209,max
3.971,174,28.8,6.26,0.604,0.528,med
11.976,268,45.6,5.3,0.27,0.187,max
0.858,32,24.0,7.0,1.031,0.947,min
0.843,28,24.7,7.3,1.199,0.89,min
0.582,37,24.4,6.9,0.931,1.017,min
11.276,307,43.1,4.44,0.165,0.239,max
18.811,212,38.0,3.52,0.195,0.413,max
15.238,372,40.3,3.69,0.407,0.141,max
17.858,429,35.5,4.73,0.478,0.323,max
0.461,5,21.3,7.04,1.053,0.853,min
0.358,9,23.5,6.56,1.004,1.149,min
4.092,60,29.2,6.9,0.751,0.725,med
0.367,27,24.5,6.75,0.964,1.052,min
0.311,37,20.2,7.07,1.105,1.101,min
3.187,139,31.4,7.51,0.608,0.78,med
0.365,31,23.6,6.77,0.965,0.799,min
1.761,122,32.2,6.73,0.693,0.785,med
9.983,410,46.0,5.32,0.182,0.369,max
0.801,20,23.4,7.07,0.907,1.101,min
0.375,23,22.5,6.74,0.846,0.994,min
3.466,73,29.2,7.29,0.608,0.531,med
0.768,8,22.1,7.38,1.178,0.937,min
3.579,77,25.9,5.75,0.764,0.756,med
9.439,399,49.4,3.13,0.456,0.281,max
11.048,450,46.8,4.53,0.249,0.152,max
14.684,213,49.1,5.11,0.219,0.081,max
10.151,450,48.9,3.46,0.249,0.421,max
15.891,236,38.1,4.33,0.326,0.29,max
4.567,114,26.8,6.59,0.789,0.454,med
11.493,360,41.1,3.97,0.455,0.408,max
0.788,40,24.3,7.41,1.005,0.951,min
6.648,465,38.8,4.71,0.11,0.326,max
0.654,41,21.0,6.51,0.855,1.11,min
11.17,272,44.4,5.07,0.369,0.38,max
0.833,42,21.6,7.33,0.815,0.989,min
0.544,23,20.1,6.61,0.813,1.005,min
1.059,193,26.8,7.19,0.783,0.694,med
0.344,30,20.2,6.54,1.129,0.894,min
5.59,206,46.2,3.34,0.287,0.292,max
9.032,259,37.2,3.77,0.322,0.285,max
2.756,192,28.4,7.6,0.575,0.719,med
5.927,227,35.8,4.49,0.16,0.437,max
2.293,177,26.3,5.68,0.528,0.826,med
0.919,29,24.8,6.93,0.925,0.952,min
1.321,118,27.4,7.56,0.523,0.617,med
0.837,30,22.2,7.23,0.995,1.099,min
0.671,38,21.2,7.23,0.947,1.003,min
13.747,419,39.2,4.6,0.286,0.126,max
2.692,185,28.2,7.91,0.536,0.725,med
14.012,410,37.8,4.58,0.282,0.243,max
3.547,189,33.6,7.42,0.815,0.716,med
0.31,43,22.2,7.01,0.944,0.987,min
0.18,21,21.3,6.74,1.189,0.907,min
16.078,219,39.6,3.71,0.222,0.443,max
4.337,127,24.7,7.58,0.74,0.496,med
3.204,164,29.5,5.53,0.504,0.593,med
18.043,254,49.1,3.55,0.23,0.352,max
15.375,489,39.7,3.33,0.369,0.342,max
11.258,248,35.9,4.05,0.403,0.409,max
0.237,40,24.2,7.01,0.803,0.865,min
16.178,269,39.9,3.67,0.179,0.363,max
10.926,215,39.8,4.68,0.28,0.35,max
1.267,166,27.1,6.58,0.774,0.583,med
9.499,342,35.9,3.89,0.26,0.073,max
16.271,482,44.5,3.91,0.475,0.16,max
4.269,169,34.6,6.84,0.695,0.611,med
10.906,382,40.6,4.86,0.191,0.073,max
0.723,14,20.2,6.76,1.038,0.771,min
15.38,337,36.9,4.53,0.201,0.281,max
0.631,23,22.8,6.94,0.918,1.129,min
19.422,400,48.9,3.66,0.345,0.321,max
8.895,490,40.3,3.87,0.12,0.071,max
15.385,269,43.6,4.87,0.187,0.074,max
0.309,12,20.9,6.79,0.869,1.109,min
0.866,23,21.4,7.09,1.165,0.834,min
11.701,350,37.2,4.18,0.365,0.35,max
0.785,37,20.9,6.71,0.948,0.944,min
1.822,192,24.1,7.99,0.771,0.781,med
3.444,188,24.2,6.69,0.775,0.739,med
1.332,107,24.8,6.03,0.592,0.638,med
0.397,45,24.2,7.47,0.85,1.042,min
0.233,16,22.7,7.21,1.064,0.862,min
0.795,20,21.3,6.88,1.036,0.857,min
1.121,107,25.8,5.56,0.802,0.633,med
17.562,271,36.3,4.26,0.407,0.075,max
0.755,42,23.8,7.13,0.852,0.763,min
15.033,439,48.9,3.05,0.162,0.404,max
16.367,284,38.4,5.31,0.122,0.244,max
0.565,13,24.8,7.28,1.176,1.108,min
11.878,369,44.3,4.7,0.473,0.449,max
0.377,37,23.2,7.35,1.063,0.977,min
2.358,105,24.0,6.25,0.759,0.84,med
0.307,45,20.3,7.43,0.941,0.791,min
3.436,106,26.3,5.8,0.746,0.76,med
6.218,497,35.7,5.47,0.491,0.368,max
3.197,143,33.5,6.97,0.732,0.846,med
16.308,373,48.4,5.04,0.403,0.072,max
13.902,204,45.4,3.81,0.366,0.273,max
11.47,313,48.6,3.63,0.438,0.244,max
0.726,42,21.1,6.6,0.809,1.007,min
12.648,350,33.9,3.09,0.32,0.225,max
0.492,33,23.3,7.4,1.055,0.996,min
2.804,196,29.3,7.66,0.735,0.6,med
0.277,6,20.9,7.08,0.969,1.107,min
6.727,464,40.1,3.97,0.364,0.227,max
5.009,292,37.1,3.58,0.127,0.125,max
2.691,198,30.1,6.3,0.588,0.59,med
3.942,108,30.5,7.15,0.531,0.668,med
0.117,9,24.0,6.68,1.061,0.845,min
0.709,33,20.1,6.72,0.892,1.019,min
12.711,292,42.7,3.81,0.116,0.159,max
17.236,379,39.7,4.18,0.442,0.186,max
10.016,318,42.0,3.4,0.329,0.372,max
4.206,106,32.5,7.91,0.582,0.659,med
2.738,81,24.5,7.61,0.892,0.767,med
1.346,82,30.6,7.34,0.899,0.823,med
0.178,43,21.3,6.63,1.155,1.132,min
0.473,21,22.3,6.8,1.099,0.951,min
13.626,262,41.6,3.78,0.271,0.308,max
13.954,499,46.1,3.99,0.431,0.118,max
0.58,7,23.9,6.95,1.01,0.926,min
15.146,290,36.1,4.89,0.29,0.14,max
0.638,46,20.5,7.44,1.075,0.777,min
5.457,261,38.8,4.28,0.346,0.414,max
0.772,18,20.4,6.9,0.869,1.028,min
0.193,29,22.3,7.34,0.839,0.945,min
2.328,60,28.5,6.28,0.771,0.692,med
0.665,28,21.8,7.38,0.957,1.077,min
0.763,20,20.3,7.47,1.154,1.121,min
0.239,39,23.5,6.72,0.833,1.022,min
2.926,107,31.0,7.26,0.502,0.517,med
0.787,38,24.0,6.94,1.127,0.798,min
2.115,80,32.4,6.47,0.705,0.647,med
5.105,321,37.0,5.05,0.235,0.381,max
0.778,11,21.1,7.22,1.088,1.006,min
17.086,298,36.6,3.21,0.287,0.243,max
2.894,54,29.6,7.91,0.654,0.466,med
5.853,429,44.9,3.83,0.37,0.208,max
14.107,316,37.1,3.24,0.226,0.089,max
6.849,292,48.7,3.4,0.486,0.132,max
0.484,33,22.6,7.23,0.833,0.774,min
19.567,368,45.2,3.17,0.267,0.097,max
7.493,474,38.6,3.93,0.404,0.186,max
16.48,275,47.7,3.26,0.15,0.442,max
19.423,333,41.3,3.88,0.464,0.278,max
5.103,263,44.3,4.03,0.261,0.404,max
7.944,206,47.6,4.44,0.456,0.289,max
13.459,350,34.2,3.22,0.34,0.186,max
2.071,108,28.6,6.53,0.863,0.736,med
15.516,323,41.6,3.02,0.377,0.315,max
3.561,194,30.6,5.69,0.53,0.831,med
0.293,20,20.3,7.02,0.827,1.07,min
17.152,328,45.7,5.28,0.329,0.122,max
4.732,124,28.8,6.64,0.584,0.597,med
4.272,51,31.7,7.93,0.675,0.544,med
0.168,28,22.1,7.48,0.845,0.909,min
0.244,27,21.7,7.33,0.972,0.849,min
9.058,274,49.0,3.75,0.41,0.207,max
12.021,339,45.9,3.39,0.295,0.222,max
10.955,246,45.5,3.9,0.369,0.158,max
1.308,85,32.7,5.59,0.733,0.848,med
19.756,215,34.6,4.8,0.213,0.124,max
8.21,284,39.8,5.03,0.106,0.31,max
0.625,36,20.8,6.67,0.815,1.045,min
16.344,336,40.0,5.34,0.2,0.098,max
17.276,212,48.1,5.48,0.218,0.134,max
3.968,55,32.2,6.01,0.883,0.597,med
14.447,320,45.8,4.33,0.371,0.221,max
4.876,181,30.9,6.92,0.748,0.531,med
5.576,310,49.6,4.05,0.301,0.414,max
2.927,173,27.7,5.93,0.785,0.78,med
0.137,32,24.8,7.1,1.128,1.104,min
12.972,286,41.4,3.75,0.338,0.224,max
13.923,421,33.6,4.65,0.313,0.091,max
0.439,11,21.8,6.57,0.81,0.804,min
3.018,114,27.5,6.59,0.81,0.691,med
4.634,109,25.0,7.04,0.546,0.588,med
0.731,23,21.7,6.87,1.195,0.766,min
18.692,383,42.3,3.62,0.237,0.391,max
11.232,207,38.7,3.44,0.139,0.433,max
1.462,93,28.4,7.8,0.897,0.468,med
2.809,185,29.9,6.74,0.542,0.713,med
1.776,112,32.3,5.75,0.611,0.561,med
11.887,290,48.9,3.3,0.473,0.324,max
11.075,499,33.9,4.45,0.133,0.112,max
5.677,331,47.3,3.66,0.269,0.066,max
14.382,442,34.2,3.84,0.225,0.304,max
19.852,293,38.8,3.2,0.277,0.154,max
18.639,311,45.8,5.24,0.438,0.123,max
10.929,254,35.7,5.07,0.117,0.218,max
15.802,286,48.0,3.12,0.192,0.409,max
4.542,163,30.6,7.14,0.856,0.682,med
14.353,239,38.3,3.5,0.464,0.354,max
3.48,139,26.0,7.26,0.682,0.717,med
0.621,23,24.7,7.37,0.818,0.761,min
0.839,30,20.2,7.43,1.076,1.021,min
15.401,410,45.8,5.18,0.3,0.342,max
0.456,21,22.6,6.55,0.867,1.045,min
2.049,104,33.8,7.17,0.815,0.632,med
0.566,35,23.3,6.72,1.085,0.845,min
2.622,113,29.9,7.24,0.781,0.519,med
0.693,18,24.6,7.47,1.178,0.94,min
19.855,207,43.3,4.65,0.375,0.098,max
13.365,216,49.5,4.28,0.216,0.238,max
8.843,266,35.3,5.15,0.3,0.32,max
14.213,270,41.2,4.07,0.13,0.092,max
7.548,238,35.1,4.3,0.198,0.193,max
0.537,39,22.0,7.12,1.145,1.13,min
1.345,154,28.1,6.58,0.512,0.554,med
0.924,9,23.4,6.94,1.147,0.821,min
4.826,146,32.8,7.29,0.737,0.471,med
10.141,240,34.6,5.08,0.467,0.31,max
1.574,51,30.9,6.62,0.554,0.833,med
4.138,165,30.0,5.67,0.807,0.683,med
13.941,498,40.4,5.3,0.238,0.072,max
0.835,25,24.8,6.69,1.147,1.061,min
3.389,180,32.0,5.8,0.861,0.477,med
4.575,114,27.5,6.96,0.648,0.69,med
8.586,427,45.9,3.78,0.264,0.134,max
0.144,28,23.5,7.37,1.086,1.071,min
0.488,39,21.0,7.01,1.037,0.769,min
14.192,481,44.3,3.19,0.242,0.27,max
13.168,247,44.8,3.42,0.224,0.251,max
15.869,233,43.3,3.7,0.169,0.202,max
7.685,439,44.5,4.37,0.29,0.419,max
4.289,122,27.7,7.48,0.681,0.523,med
16.766,379,40.0,5.39,0.316,0.292,max
8.879,208,43.7,4.07,0.319,0.12,max
0.209,11,20.7,7.14,0.873,0.888,min
16.455,357,36.9,4.67,0.132,0.227,max
4.62,188,27.8,6.82,0.585,0.848,med
2.503,100,30.0,5.89,0.721,0.667,med
2.196,102,30.8,6.34,0.793,0.612,med
0.419,9,22.9,6.54,0.986,0.967,min
0.865,32,21.7,6.85,1.09,1.109,min
0.745,6,20.1,6.82,0.995,1.058,min
0.461,37,24.7,7.43,0.98,0.795,min
0.639,28,20.5,7.34,0.928,0.825,min
16.134,250,35.0,3.17,0.39,0.422,max
0.239,22,24.8,6.76,1.063,0.88,min
3.766,74,32.6,6.96,0.881,0.467,med
1.926,126,25.1,6.46,0.695,0.711,med
0.792,32,21.5,7.12,1.011,0.92,min
4.303,183,24.7,7.71,0.679,0.654,med
11.168,328,38.6,4.41,0.44,0.131,max
3.647,103,30.5,5.53,0.754,0.815,med
3.265,125,25.6,7.06,0.609,0.645,med
3.802,178,26.0,7.5,0.721,0.609,med
0.727,24,21.1,6.95,0.856,0.821,min
0.18,35,20.4,6.82,1.138,0.759,min
3.843,64,28.7,5.57,0.692,0.715,med
19.372,266,48.1,5.34,0.467,0.304,max
0.391,41,20.6,7.35,0.851,0.909,min
6.031,364,40.1,5.19,0.182,0.381,max
2.056,86,24.7,6.65,0.793,0.693,med
0.725,40,21.4,6.68,1.1,1.073,min
0.364,19,23.6,7.14,1.155,0.939,min
0.116,45,20.6,7.08,0.91,0.972,min
0.899,46,24.6,6.87,0.806,1.121,min
3.786,118,34.1,7.24,0.792,0.795,med
4.707,139,32.2,6.77,0.754,0.478,med
0.833,40,23.3,7.05,0.835,0.913,min
19.648,393,48.9,3.76,0.413,0.356,max
0.242,9,23.2,7.21,0.813,1.124,min
7.848,211,39.7,5.01,0.236,0.228,max
0.122,47,24.2,7.2,0.964,0.819,min
4.654,57,28.6,6.15,0.792,0.843,med
16.703,369,37.4,4.74,0.327,0.368,max
19.564,253,45.3,3.1,0.262,0.257,max
13.82,305,46.6,4.39,0.43,0.303,max
0.491,39,24.5,7.46,1.115,0.876,min
13.783,362,34.5,3.14,0.142,0.284,max
0.593,28,23.0,7.26,1.125,1.037,min
8.307,387,42.7,3.46,0.124,0.292,max
3.066,86,29.5,7.2,0.53,0.56,med
3.915,120,24.6,7.89,0.877,0.764,med
13.647,302,46.8,3.6,0.19,0.252,max
0.383,34,25.0,7.16,1.023,1.042,min
0.681,24,21.4,7.5,0.97,0.931,min
0.711,18,22.8,6.98,1.065,1.125,min
3.42,160,25.9,5.99,0.856,0.75,med
12.676,344,39.5,5.1,0.158,0.252,max
2.422,82,34.9,6.64,0.775,0.506,med
13.165,270,43.8,5.05,0.117,0.249,max
1.861,55,24.4,5.94,0.847,0.563,med
9.974,350,44.0,4.28,0.148,0.175,max
0.706,44,22.6,7.03,0.843,0.929,min
2.26,183,33.8,6.31,0.86,0.848,med
1.447,107,29.0,6.42,0.548,0.618,med
0.149,43,23.0,7.21,0.808,1.138,min
7.494,313,43.5,5.42,0.391,0.419,max
2.266,90,26.1,7.24,0.587,0.688,med
0.635,35,22.3,7.13,1.034,1.11,min
0.86,15,21.1,6.53,1.061,0.897,min
0.615,5,20.5,7.16,0.802,0.814,min
5.805,415,41.1,5.12,0.253,0.117,max
2.551,89,26.3,6.71,0.607,0.565,med
1.196,60,28.4,6.24,0.593,0.562,med
2.552,95,24.7,6.07,0.599,0.644,med
2.795,178,30.0,6.45,0.891,0.494,med
0.197,34,22.6,7.27,1.008,1.091,min
3.373,102,25.3,5.88,0.59,0.55,med
1.131,180,26.7,6.89,0.516,0.717,med
3.951,127,26.3,7.69,0.852,0.798,med
17.547,364,36.2,4.8,0.304,0.292,max
0.689,41,24.7,7.18,0.999,0.997,min
0.405,10,24.3,7.12,0.932,0.775,min
1.387,109,32.8,6.01,0.722,0.743,med
7.118,371,36.1,3.7,0.187,0.123,max
3.371,96,33.1,7.89,0.828,0.451,med
0.944,45,22.7,7.34,1.008,0.999,min
0.88,11,24.8,6.95,0.874,0.967,min
16.433,377,36.3,4.67,0.349,0.291,max
9.313,361,42.1,4.01,0.168,0.441,max
7.523,463,42.5,3.58,0.301,0.343,max
16.123,364,48.0,4.38,0.314,0.128,max
3.038,58,34.7,6.07,0.622,0.572,med
19.822,345,36.0,5.23,0.284,0.334,max
1.221,105,34.4,7.1,0.769,0.703,med
15.922,380,45.4,4.92,0.49,0.279,max
0.283,33,22.0,7.15,0.843,1.013,min
4.219,175,26.7,6.94,0.527,0.488,med
2.032,148,33.0,7.45,0.804,0.525,med
18.759,321,35.4,4.79,0.217,0.26,max
0.681,8,24.3,7.0,0.992,0.987,min
10.161,356,40.5,5.2,0.302,0.253,max
14.288,255,33.4,3.71,0.277,0.297,max
3.561,85,26.1,7.8,0.541,0.652,med
6.965,381,47.4,3.11,0.394,0.187,max
2.159,63,30.6,7.06,0.759,0.557,med
0.418,32,22.5,7.36,1.063,0.815,min
3.251,103,32.7,6.13,0.726,0.593,med
4.105,90,31.6,6.16,0.876,0.705,med
14.048,223,44.6,5.33,0.33,0.1,max
13.302,371,36.6,4.86,0.11,0.192,max
0.912,5,21.0,6.51,1.059,1.109,min
0.795,42,20.0,7.01,0.967,0.839,min
2.16,134,31.6,7.68,0.755,0.754,med
4.578,93,29.2,7.73,0.783,0.475,med
0.17,31,21.2,6.89,0.915,0.892,min
0.571,18,22.0,6.95,1.04,0.956,min
0.778,33,24.3,7.37,1.083,1.085,min
2.979,180,29.4,7.26,0.897,0.503,med
16.947,421,44.0,3.39,0.319,0.085,max
1.487,168,27.0,7.69,0.878,0.51,med
3.004,125,28.1,7.83,0.831,0.729,med
3.539,131,24.7,6.78,0.823,0.634,med
8.728,295,46.8,5.19,0.221,0.393,max
4.459,146,27.1,7.54,0.845,0.789,med
9.596,212,43.0,3.99,0.49,0.268,max
0.69,28,21.3,6.85,0.873,1.113,min
5.759,327,47.2,5.01,0.19,0.14,max
13.75,465,35.6,4.49,0.366,0.218,max
0.862,25,23.3,6.67,0.877,0.766,min
4.521,176,31.3,6.98,0.857,0.524,med
0.924,42,24.2,6.97,0.966,0.859,min
4.163,144,28.3,7.19,0.604,0.588,med
1.726,169,29.0,6.71,0.553,0.482,med
0.377,27,20.4,6.85,0.813,0.781,min
1.285,142,34.8,5.98,0.817,0.813,med
0.219,39,21.0,6.66,0.866,1.076,min
15.161,369,48.8,3.97,0.126,0.058,max
0.786,44,21.6,6.61,0.891,0.921,min
17.749,258,35.1,5.41,0.143,0.241,max
0.475,44,21.8,6.62,0.857,1.055,min
0.553,15,21.3,6.88,0.808,0.879,min
0.495,7,22.8,7.46,0.87,1.026,min
14.249,212,38.5,4.17,0.159,0.444,max
4.273,50,26.7,7.35,0.627,0.491,med
0.634,8,24.4,7.42,0.824,0.861,min
